4mer;Relative Frequency in %
A;7.27339103101
R;5.94809831357
N;3.50788996973
D;4.84080625215
C;2.01665795452
E;6.90609931102
Q;4.72691631177
G;6.62489447093
H;2.55583241274
I;4.4090622556
L;9.90480354499
K;5.22124644657
M;2.28148308071
F;3.65747205525
P;6.03481824038
S;8.04011435287
T;5.73780972908
W;1.44982144627
Y;2.94549079032
V;5.91729203051
